No.,Topic,Fascinating Fact,Quranic Reference/Source
1,Fasting (Sawm),Fasting in Ramadan is commanded to develop taqwa (God-consciousness).,Quran 2:183
2,Revelation of the Quran,Ramadan marks the month in which the Quran was revealed as guidance for humanity.,Quran 2:185
3,Self-Discipline,Fasting instills self-control and discipline in everyday life.,Quran 2:183
4,Charity (Zakat),Zakat ensures wealth distribution and supports the needy.,Quran 2:177
5,Community Bonding,Iftar meals bring families and communities together every evening.,Islamic Tradition
6,Reflection & Repentance,Ramadan is a period for introspection and seeking Allah’s forgiveness.,Quran 2:185
7,Laylat al-Qadr,The Night of Power is better than a thousand months of worship.,Quran 97:3
8,Gratitude,Fasting makes believers appreciate everyday blessings like food and water.,Quranic Commentary
9,Global Unity,"Muslims worldwide fast simultaneously, fostering unity across cultures.",Islamic Tradition
10,Spiritual Renewal,Ramadan offers a chance to rejuvenate one’s faith and deepen spiritual connection.,Quranic Exegesis
11,Humility,Fasting cultivates humility and submission before Allah.,Quran 2:183
12,Patience,Enduring hunger and thirst teaches patience in times of hardship.,Quranic Interpretation
13,Self-Control,Abstaining from physical needs helps control worldly desires.,Quran 2:183
14,Compassion,Experiencing hunger develops empathy for those in need.,Quranic Commentary
15,Forgiveness,Ramadan encourages forgiving others and oneself.,Quran 39:53
16,Extra Prayers (Tarawih),"Special nightly prayers (Tarawih) are offered, enhancing spiritual upliftment.",Islamic Tradition
17,Quran Recitation,Many strive to complete reading the entire Quran during Ramadan.,Quranic Exegesis
18,Family Values,Shared Suhoor and Iftar meals reinforce family bonds and traditions.,Islamic Tradition
19,Community Service,Increased acts of charity and volunteerism are central during Ramadan.,Quran 2:177
20,Mindfulness,"Ramadan promotes mindfulness in thoughts, words, and actions.",Quranic Interpretation
21,Purification,Fasting purifies both the body and soul from worldly impurities.,Quran 2:183
22,Renewal of Faith,Ramadan is a time to renew one’s commitment to Islam.,Quran 2:185
23,Discipline in Speech,Believers are urged to avoid gossip and harmful speech while fasting.,Quran 49:11
24,Avoiding Sin,Ramadan is a period to abstain from sinful actions and thoughts.,Quran 2:187
25,Self-Reflection,Each day of fasting offers a moment for deep personal reflection.,Islamic Teachings
26,Increased Worship,The month is marked by additional prayers and Quran study.,Quran 97:3
27,Divine Forgiveness,Sincere repentance during Ramadan leads to Allah’s forgiveness.,Quran 39:53
28,Spiritual Discipline,The rigorous discipline of fasting strengthens spiritual resolve.,Quranic Commentary
29,Empathy,Fasting helps believers understand the plight of the less fortunate.,Islamic Tradition
30,Charity as Purification,Acts of giving during Ramadan purify one’s wealth and soul.,Quran 2:177
31,Value of Time,Ramadan teaches the importance of using time wisely for worship.,Quranic Exegesis
32,Focus on the Hereafter,The month shifts focus from worldly life to eternal life.,Quran 57:20
33,Renewal of Intention,Ramadan offers an annual chance to reset one’s intentions and spiritual goals.,Islamic Teachings
34,Breaking Fast Tradition,"The fast is traditionally broken with dates and water, following the Prophet’s example.",Hadith (Sahih Bukhari)
35,Nightly Congregation,Tarawih prayers create a strong atmosphere of communal worship.,Islamic Tradition
36,Social Equality,"All Muslims, regardless of status, share the same obligation to fast.",Quran 2:183
37,Reminder for the Wealthy,Fasting reminds the affluent of the struggles of the poor.,Quran 2:177
38,Reinforcing Community Spirit,Daily communal iftars strengthen social ties among Muslims.,Islamic Tradition
39,Health Benefits,Proper fasting is believed to have beneficial effects on physical health.,Various Islamic Scholars
40,Multiplication of Rewards,The rewards for good deeds in Ramadan are multiplied manifold.,Quran 97:3
41,Moderation in Eating,Ramadan encourages moderation in food consumption.,Quranic Interpretation
42,Time for Repentance,The month offers numerous opportunities to seek forgiveness.,Quran 66:8
43,Blessings of Suhoor,The pre-dawn meal (Suhoor) is considered especially blessed.,Islamic Tradition
44,Unity in Diversity,Muslims from diverse cultures unite under the common practice of fasting.,Islamic Tradition
45,Significance of the Crescent,The sighting of the crescent moon signals both the beginning and the end of Ramadan.,Islamic Tradition
46,Preservation of the Quran,Ramadan is a time dedicated to the recitation and memorization of the Quran.,Quranic Exegesis
47,Overcoming Temptations,Fasting trains believers to overcome both physical and spiritual temptations.,Quran 2:183
48,Spiritual Cleansing,The fast serves as a means to cleanse the heart and soul.,Quran 2:183
49,Learning Patience,The challenges of fasting cultivate patience and resilience.,Quranic Commentary
50,Joy of Eid,"Eid al-Fitr, celebrated at the end of Ramadan, marks the joyous conclusion of fasting.",Islamic Tradition
51,Reflection on Mortality,Fasting reminds believers of the transient nature of worldly life.,Quran 57:20
52,Strengthening Faith,The challenges of Ramadan help build a more robust and resilient faith.,Islamic Teachings
53,Symbolism of Sacrifice,Fasting is symbolic of the sacrifices made in the path of righteousness.,Quranic Exegesis
54,Increased Remembrance,Muslims are encouraged to frequently remember Allah throughout the day.,Quran 33:41
55,Strengthening Community Ties,Collective iftars and prayers enhance the sense of community.,Islamic Tradition
56,Discipline in Daily Life,The strict schedule of fasting fosters excellent time management skills.,Islamic Teachings
57,Voluntary Charity (Sadaqah),"Beyond the obligatory Zakat, voluntary charity is especially meritorious during Ramadan.",Quran 2:274
58,Inner Beauty Over Appearance,Ramadan emphasizes that true beauty is found in piety and character.,Quran 49:13
59,Preparation for Judgment,The practices of Ramadan prepare believers for the Day of Judgment.,Quran 2:197
60,Balance Between Worldly and Spiritual,Ramadan teaches how to balance daily life with spiritual devotion.,Islamic Tradition
61,Cultivating Gratitude,The experience of fasting nurtures a deep sense of thankfulness.,Islamic Teachings
62,A Time for Self-Improvement,Ramadan offers a dedicated period for personal growth and spiritual self-improvement.,Quranic Commentary
63,Encouragement of Good Deeds,Every kind act during Ramadan is believed to yield abundant rewards.,Quran 2:261
64,Renewing Personal Resolve,The month is a perfect opportunity to break bad habits and adopt a healthier lifestyle.,Islamic Teachings
65,Sacred Night Practices,The last ten nights are often spent in continuous worship and reflection.,Islamic Tradition
66,Celebration of the Quran,Ramadan is a celebration of the divine wisdom contained in the Quran.,Quran 2:185
67,Fasting Beyond Physical Needs,Fasting is a means to purify the heart and not merely abstaining from food.,Quran 2:183
68,Fostering Mindfulness,Abstaining from worldly pleasures fosters a constant state of mindfulness.,Quranic Commentary
69,Spiritual Focus Over Materialism,Ramadan shifts focus from materialistic pursuits to spiritual enrichment.,Islamic Teachings
70,Emphasis on Sincerity,The sincerity of one’s intention (niyyah) is vital for the validity of fasting.,Hadith (Sahih Bukhari)
71,Breaking Complacency,The challenges of fasting break down complacency and encourage vigilance in faith.,Islamic Tradition
72,Daily Renewal,Each day of fasting offers a new beginning for spiritual renewal.,Quranic Commentary
73,Strength Through Hardship,The physical challenges of fasting build inner strength and fortitude.,Quran 2:155-157
74,Body and Soul Connection,Fasting highlights the link between physical health and spiritual well-being.,Islamic Teachings
75,Reaffirming Faith Daily,The routine of fasting and breaking fast reaffirms one’s daily commitment to Islam.,Quran 2:183
76,Resisting Negative Influences,Ramadan encourages believers to avoid harmful influences and focus on righteousness.,Islamic Teachings
77,The Virtue of Consistency,Consistent acts of worship during Ramadan foster lifelong spiritual habits.,Quran 2:183
78,Embracing Moderation,The principles of moderation in food and behavior are central to Ramadan.,Quranic Commentary
79,Daily Spiritual Lessons,Each day in Ramadan is filled with lessons that can transform one’s character.,Islamic Teachings
80,Importance of Intention,The intention (niyyah) behind fasting is key to its spiritual effectiveness.,Hadith (Sahih Bukhari)
81,Fasting as Worship,Fasting is a direct act of worship and obedience to Allah’s command.,Quran 2:183
82,Community Iftar Gatherings,Sharing iftar with neighbors strengthens community bonds and mutual support.,Islamic Tradition
83,Blessings of Night Prayers,Tarawih and other nightly prayers enhance communal spirituality.,Islamic Tradition
84,Renewing Religious Commitment,Ramadan renews a believer’s commitment to follow Islamic teachings.,Quran 2:185
85,The Role of Patience,Patience learned during fasting is essential for overcoming life’s trials.,Quran 2:153
86,Fasting and Self-Respect,Successfully observing the fast instills a sense of pride and self-respect.,Islamic Teachings
87,Empathy Through Shared Experience,The shared challenge of fasting builds a deep empathy among believers.,Islamic Tradition
88,Power of Collective Worship,Congregational prayers during Ramadan amplify the spirit of communal worship.,Islamic Teachings
89,Daily Moments for Reflection,Each fast provides moments to reflect on one’s life and reform one’s behavior.,Quranic Commentary
90,Learning from Prophetic Stories,The stories of the prophets in the Quran inspire Muslims to lead righteous lives.,Various Surahs in the Quran
91,Embracing Simplicity,Ramadan teaches a simple lifestyle focused on spirituality rather than materialism.,Quran 102:1-2
92,Transformative Spiritual Impact,"Fasting transforms the body, mind, and spirit, leading to overall better health.",Quran 2:183
93,Gratitude for Divine Blessings,Observing Ramadan heightens awareness of Allah’s countless blessings.,Quran 14:7
94,Connection of Fasting and Prayer,Fasting enhances the quality and focus of daily prayers.,Quran 2:187
95,A Period for Renewed Devotion,Ramadan is a time to devote oneself completely to Allah’s service.,Quran 2:185
96,Cultivating Inner Peace,The act of fasting fosters tranquility and inner peace in the believer.,Quran 13:28
97,Strengthening Interfaith Bonds,Ramadan often opens doors for interfaith dialogue and understanding.,Modern Islamic Outreach
98,Reminder of the Hereafter,Fasting keeps the believer mindful of the eternal life beyond this world.,Quran 57:20
99,Impact on Daily Life,The discipline of Ramadan influences all aspects of a believer’s daily routine.,Quran 2:183
100,Celebration of Eid al-Fitr,Eid al-Fitr marks the joyful culmination of Ramadan and the renewal of faith.,Islamic Tradition
